Publisher Name,Product title,Link to the product
A.C. Luke,Heartbreaker,https://ac-luke.itch.io/heartbreaker-trifold
A.C. Luke,Seven Demons: A Collection of NPCs for Fate Core,https://ac-luke.itch.io/fate-seven-demons
A.C. Luke,Seven Hunters: A Collection of NPCs for Fate Core,https://ac-luke.itch.io/fate-seven-hunters
A.C. Luke,Seven Spirits: A Fate Supplement,https://ac-luke.itch.io/fate-seven-spirits
Alex Costello,According To Plan,https://www.drivethrurpg.com/en/product/302251/according-to-plan?affiliate_id=144937
Amazing Rando Design,The Book of Hanz,https://fate-srd.com/store
Amazing Rando Design,Thoughts on Fate: A Collection of Essays on the Fate RPG,https://www.drivethrurpg.com/en/product/176051/thoughts-on-fate-a-collection-of-essays-on-the-fate-rpg?affiliate_id=144937
ambergwitz,Traditional Magic for Fate,https://ambergwitz.itch.io/traditional-magic-for-fate
Arc Dream Publishing,The Kerberos Club (Fate Edition),https://www.drivethrurpg.com/en/product/93899/the-kerberos-club-fate-edition?affiliate_id=144937
Atomic Overmind Press,The Day After Ragnarok: Fate Core Edition,https://www.drivethrurpg.com/en/product/119680/the-day-after-ragnarok-fate-core-edition?affiliate_id=144937
Benjamin Z. Edelen,The Stuffed Guardians,https://www.drivethrurpg.com/en/product/288784/the-stuffed-guardians?affiliate_id=144937
Bennett-Burks Design,Leaves of Chiaroscuro: Exploration & Intrigue in the Strange & Wondrous Renaissance,https://www.drivethrurpg.com/en/product/190834/leaves-of-chiaroscuro-exploration-intrigue-in-the-strange-wondrous-renaissance?affiliate_id=144937
Black Campbell Entertainment,Thrilling Action Stories! for FATE,https://www.drivethrurpg.com/en/product/218484/thrilling-action-stories-for-fate-bundle?affiliate_id=144937
Blue Devil Games,Dawning Star: Fate of Eos,https://www.drivethrurpg.com/en/product/229377/dawning-star-fate-of-eos?affiliate_id=144937
Boldly Games,Grim World,https://boldlygames.com/
Cabbage Games,Fate Solo,https://www.drivethrurpg.com/en/product/204162/fate-solo?affiliate_id=144937
Canterbury Games Studio,Brainjacked,https://www.drivethrurpg.com/en/product/254814/brainjacked?affiliate_id=144937
Canterbury Games Studio,Brainjacked Accelerator,https://www.drivethrurpg.com/en/product/418187/brainjacked-accelerator?affiliate_id=144937
Canterbury Games Studio,Henchmen,https://www.drivethrurpg.com/en/product/243740/henchmen?affiliate_id=144937
Chris Challice,Alice Black Blood Tribute,https://www.lulu.com/shop/chris-challice/alice-black-blood-tribute/ebook/product-1q2676jz.html
Council Of Fools Productions,Ehdrigohr: The Roleplaying Game,https://www.drivethrurpg.com/en/product/117380/ehdrigohr-the-roleplaying-game?affiliate_id=144937
Critical Press Media,Opposing Forces: A Tactical Manual and Gallery of Opponents,https://www.drivethrurpg.com/en/product/328717/opposing-forces
D101 Games,Hunters of Alexandria,https://www.drivethrurpg.com/en/product/159508/hunters-of-alexandria?affiliate_id=144937
D101 Games,The Hollow West,https://www.drivethrurpg.com/en/product/222039/the-hollow-west?affiliate_id=144937
Dancing Lights Press,Berin Kinsman's Kaiju Patrol,https://www.drivethrurpg.com/en/product/139656/berin-kinsmans-kaiju-patrol?affiliate_id=144937
Daring Entertainment,Daring Comics Role-Playing Game,https://www.drivethrurpg.com/en/product/173130/daring-comics-roleplaying-game?affiliate_id=144937
Darktier Studios LLC,Fatecharactersheet.com,https://fatecharactersheet.com/
Dead Gentlemen Productions LLC,Demon Hunters: A Comedy of Terrors,https://www.drivethrurpg.com/en/product/169515/demon-hunters-a-comedy-of-terrors?affiliate_id=144937
Dias Ex Machina,Amethyst: Accelerated,https://www.drivethrurpg.com/en/product/157056/amethyst-accelerated-fate-edition?affiliate_id=144937
Dias Ex Machina,Amethyst: Destiny (Fate Edition),https://www.drivethrurpg.com/en/product/134037/amethyst-destiny-fate-edition?affiliate_id=144937
Dreamcraft,Dreamcraft FATE Bot (Beta),https://discord.com/oauth2/authorize?client_id=704882221789478930&permissions=272448&scope=bot
Dreamlord Press,Evolution Pulse - English Edition,https://www.drivethrurpg.com/en/product/185979/evolution-pulse-english-edition?affiliate_id=144937
Ebon Gryphon Games,Aperita Arcana: Fantasy for Fate Core,https://www.drivethrurpg.com/en/product/149698/aperita-arcana-fantasy-for-fate-core?affiliate_id=144937
Ebon Gryphon Games,Collectanea Creaturae - Fate Core,https://www.drivethrurpg.com/en/product/130724/collectanea-creaturae-fate-core?affiliate_id=144937
Ediciones conBarba,Fate Acelerado,https://www.drivethrurpg.com/en/product/134320/fate-acelerado?affiliate_id=144937
EldritchFire Press,Fate Core Character Journal,https://www.drivethrurpg.com/en/product/118798/fate-core-character-journal?affiliate_id=144937
EldritchFire Press,Five Elements: A Fate Core Magic System,https://www.drivethrurpg.com/en/product/132834/five-elements-a-fate-core-magic-system?affiliate_id=144937
Enc Press,Wysoka magia,https://www.drivethrurpg.com/en/product/296330/wysoka-magia?affiliate_id=144937
Encoded Designs,Iron Edda Accelerated,https://www.drivethrurpg.com/en/product/261741/iron-edda-accelerated?affiliate_id=144937
Evil Hat Productions,Aether Sea • A World of Adventure for Fate Core,https://www.drivethrurpg.com/en/product/139872/aether-sea-a-world-of-adventure-for-fate-core?affiliate_id=144937
Evil Hat Productions,Almbrecht After Dark • A World of Adventure for Fate Core,https://www.drivethrurpg.com/en/product/263582/almbrecht-after-dark-a-world-of-adventure-for-fate-core?affiliate_id=144937
Evil Hat Productions,Andromeda • A World of Adventure for Fate Core,https://www.drivethrurpg.com/en/product/202271/andromeda-a-world-of-adventure-for-fate-core?affiliate_id=144937
Evil Hat Productions,Arecibo • A World of Adventure for Fate Core,https://www.drivethrurpg.com/en/product/240445/arecibo-a-world-of-adventure-for-fate-core?affiliate_id=144937
Evil Hat Productions,Arecibo • Foundry VTT Access,https://evilhat.itch.io/arecibo-foundry-vtt-access
Evil Hat Productions,Arecibo • Token Pack (DriveThruRPG),https://www.drivethrurpg.com/en/product/375909/arecibo-vtt-art-pack?affiliate_id=144937
Evil Hat Productions,Arecibo • Token Pack (itch.io),https://evilhat.itch.io/arecibo-token-pack
Evil Hat Productions,Arecibo • VTT Art Pack,https://evilhat.itch.io/arecibo-token-pack
Evil Hat Productions,Atomic Robo RPG,https://www.drivethrurpg.com/en/product/130204/atomic-robo-rpg?affiliate_id=144937
Evil Hat Productions,Atomic Robo RPG • VTT Art Pack,https://evilhat.itch.io/atomic-robo-rpg-vtt-token-pack
Evil Hat Productions,Atomic Robo RPG • VTT Token Pack,https://evilhat.itch.io/atomic-robo-rpg-vtt-token-pack
Evil Hat Productions,Atomic Robo RPG: Majestic 12,https://www.drivethrurpg.com/en/product/185454/atomic-robo-rpg-majestic-12?affiliate_id=144937
Evil Hat Productions,Authority and Reputation on the World Train,https://evilhat.com/wp-content/uploads/2022/04/World-Train-Authority.pdf
Evil Hat Productions,Behind the Walls • A World of Adventure for Fate Core,https://www.drivethrurpg.com/en/product/148388/behind-the-walls-a-world-of-adventure-for-fate-core?affiliate_id=144937
Evil Hat Productions,Black Sun,https://evilhat.com/wp-content/uploads/2022/04/Black-Sun.pdf
Evil Hat Productions,Blood on the Trail (Foundry VTT),https://evilhat.itch.io/blood-on-the-trail-foundry-vtt-access
Evil Hat Productions,Blood on the Trail • A World of Adventure for Fate Core,https://www.drivethrurpg.com/en/product/193248/blood-on-the-trail-a-world-of-adventure-for-fate-core?affiliate_id=144937
Evil Hat Productions,Blood on the Trail • Token Pack (DriveThruRPG),https://www.drivethrurpg.com/en/product/375919/blood-on-the-trail-vtt-art-pack?affiliate_id=144937
Evil Hat Productions,Blood on the Trail • VTT Art Pack,https://evilhat.itch.io/blood-on-the-trail-vtt-token-pack
Evil Hat Productions,Deck of Fate,https://marketplace.roll20.net/browse/gameaddon/4980/the-deck-of-fate
Evil Hat Productions,Deep Dark Blue (Roll20),https://marketplace.roll20.net/browse/module/5756/deep-dark-blue
Evil Hat Productions,Deep Dark Blue • A World of Adventure for Fate Core,https://www.drivethrurpg.com/en/product/175636/deep-dark-blue-a-world-of-adventure-for-fate-core?affiliate_id=144937
Evil Hat Productions,Deep Dark Blue • Token Pack (DriveThruRPG),https://www.drivethrurpg.com/en/product/375926/deep-dark-blue-vtt-art-pack?affiliate_id=144937
Evil Hat Productions,Deep Dark Blue • Token Pack (itch.io),https://evilhat.itch.io/deep-dark-blue-token-pack
Evil Hat Productions,Do: Fate of the Flying Temple,https://www.drivethrurpg.com/en/product/185449/do-fate-of-the-flying-temple?affiliate_id=144937
Evil Hat Productions,Dresden Files Accelerated,https://www.drivethrurpg.com/en/product/213844/dresden-files-accelerated?affiliate_id=144937
Evil Hat Productions,Dresden Files RPG: Our World,https://www.drivethrurpg.com/en/product/80985/dresden-files-rpg-our-world?affiliate_id=144937
Evil Hat Productions,Dresden Files RPG: Paranet Papers,https://www.drivethrurpg.com/en/product/148232/dresden-files-rpg-paranet-papers?cPath=3924_19295&affiliate_id=144937
Evil Hat Productions,Dresden Files RPG: Your Story,https://www.drivethrurpg.com/en/product/80984/dresden-files-rpg-your-story?affiliate_id=144937
Evil Hat Productions,Drops in a Pond,https://evilhat.com/wp-content/uploads/2022/04/Drops-in-a-Pond.pdf
Evil Hat Productions,Eagle Eyes • A World of Adventure for Fate Core,https://www.drivethrurpg.com/en/product/144754/eagle-eyes-a-world-of-adventure-for-fate-core?affiliate_id=144937
Evil Hat Productions,Factions,https://evilhat.com/wp-content/uploads/2022/04/Factions.pdf
Evil Hat Productions,Fate Accelerated (Roll20),https://marketplace.roll20.net/browse/compendiumexpansion/18/fate-accelerated
Evil Hat Productions,Fate Accelerated/Core Conversion Guide,https://www.drivethrurpg.com/en/product/177639/fate-accelerated-core-conversion-guide?affiliate_id=144937
Evil Hat Productions,Fate Accessibility Toolkit,https://www.drivethrurpg.com/en/product/283738/fate-accessibility-toolkit?affiliate_id=144937
Evil Hat Productions,Fate Adversary Toolkit,https://www.drivethrurpg.com/en/product/219203/fate-adversary-toolkit?affiliate_id=144937
Evil Hat Productions,Fate Condensed,https://www.drivethrurpg.com/en/product/302571/fate-condensed?affiliate_id=144937
Evil Hat Productions,Fate Core (Roll20),https://marketplace.roll20.net/browse/compendiumexpansion/3853/fate-core
Evil Hat Productions,Fate Horror Toolkit,https://www.drivethrurpg.com/en/product/242625/fate-horror-toolkit?affiliate_id=144937
Evil Hat Productions,Fate of Cthulhu,https://www.drivethrurpg.com/en/product/300031/fate-of-cthulhu?affiliate_id=144937
Evil Hat Productions,Fate of Cthulhu Timeline • The Rise of Hastur,https://evilhat.itch.io/fate-of-cthulhu-timeline-the-rise-of-hastur
Evil Hat Productions,Fate of Cthulhu Timeline • The Rise of Hastur,https://www.drivethrurpg.com/en/product/377513/fate-of-cthulhu-timeline-the-rise-of-hastur?affiliate_id=144937
Evil Hat Productions,Fate of Cthulhu Timeline • The Rise of the Azathoth,https://evilhat.itch.io/fate-of-cthulhu-timeline-the-rise-of-the-azathoth
Evil Hat Productions,Fate of Cthulhu Timeline • The Rise of the Basilisk,https://evilhat.itch.io/foctl-basilisk
Evil Hat Productions,Fate of Cthulhu Timeline • The Rise of the Quiet,https://evilhat.itch.io/foctl-quiet
Evil Hat Productions,Fate of Cthulhu Timeline • The Rise of Yig,https://evilhat.itch.io/foctl-yig
Evil Hat Productions,Fate of Cthulhu Timeline • The Rise of Yog-Sothoth,https://evilhat.itch.io/foctl-yogsothoth
Evil Hat Productions,Fate Space Toolkit,https://www.drivethrurpg.com/en/product/266197/fate-space-toolkit?affiliate_id=144937
Evil Hat Productions,Fate Starter Bundle (Roll20),https://marketplace.roll20.net/browse/bundle/4793/fate-starter-bundle
Evil Hat Productions,Fate Worlds Bundle (Roll20),https://marketplace.roll20.net/browse/bundle/4796/fate-worlds-bundle
Evil Hat Productions,Fate Worlds Volume One: Worlds On Fire,https://www.drivethrurpg.com/en/product/119383/fate-worlds-worlds-on-fire?affiliate_id=144937
Evil Hat Productions,Fate Worlds Volume Two: Worlds In Shadow,https://www.drivethrurpg.com/en/product/119384/fate-worlds-worlds-in-shadow?affiliate_id=144937
Evil Hat Productions,Frontier Spirit • A World of Adventure for Fate Core,https://www.drivethrurpg.com/en/product/161674/frontier-spirit-a-world-of-adventure-for-fate-core?affiliate_id=144937
Evil Hat Productions,Ghost Planets • A World of Adventure for Fate Core,https://www.drivethrurpg.com/en/product/198258/ghost-planets-a-world-of-adventure-for-fate-core?affiliate_id=144937
Evil Hat Productions,Gods and Monsters • A World of Adventure for Fate Core,https://www.drivethrurpg.com/en/product/150889/gods-and-monsters-a-world-of-adventure-for-fate-core?affiliate_id=144937
Evil Hat Productions,Gods and Monsters • VTT Art Pack,https://evilhat.itch.io/gods-and-monsters-vtt-art-pack
Evil Hat Productions,Gods and Monsters • VTT Art Pack (DriveThruRPG),https://www.drivethrurpg.com/en/product/376014/gods-and-monsters-vtt-art-pack?affiliate_id=144937
Evil Hat Productions,Good Neighbors • A World of Adventure for Fate Core,https://www.drivethrurpg.com/en/product/191782/good-neighbors-a-world-of-adventure-for-fate-core?affiliate_id=144937
Evil Hat Productions,Good Neighbors • VTT Art Pack,https://evilhat.itch.io/good-neighbors-vtt-art-pack
Evil Hat Productions,Good Neighbors • VTT Art Pack (DriveThruRPG),https://www.drivethrurpg.com/en/product/376019/good-neighbors-vtt-art-pack?affiliate_id=144937
Evil Hat Productions,Grimoire • A World of Adventure for Fate Core,https://www.drivethrurpg.com/en/product/242162/grimoire-a-world-of-adventure-for-fate-core?affiliate_id=144937
Evil Hat Productions,Grimoire • VTT Art Pack,https://evilhat.itch.io/grimoire-vtt-art-pack
Evil Hat Productions,Grimoire • VTT Art Pack (DriveThruRPG),https://www.drivethrurpg.com/en/product/376036/grimoire-vtt-art-pack?affiliate_id=144937
Evil Hat Productions,House of Bards • A World of Adventure for Fate Core,https://www.drivethrurpg.com/en/product/168186/house-of-bards-a-world-of-adventure-for-fate-core?affiliate_id=144937
Evil Hat Productions,Humanity and Magic,https://evilhat.com/wp-content/uploads/2022/04/Humanity-and-Magic.pdf
Evil Hat Productions,Iron Street Combat • A World of Adventure for Fate Core,https://www.drivethrurpg.com/en/product/273235/iron-street-combat-a-world-of-adventure-for-fate-core?affiliate_id=144937
Evil Hat Productions,Iron Street Combat • VTT Art Pack,https://evilhat.itch.io/iron-street-combat-vtt-art-pack
Evil Hat Productions,It's Not My Fault I'm Fantastic!,https://www.drivethrurpg.com/en/product/171228/its-not-my-fault-im-fantastic?affiliate_id=144937
Evil Hat Productions,It's Not My Fault! (A Fate Accelerated Character & Situation Generator),https://www.drivethrurpg.com/en/product/162084/its-not-my-fault-a-fate-accelerated-character-situation-generator?affiliate_id=144937
Evil Hat Productions,Kaiju Incorporated,https://evilhat.com/product/kaiju-incorporated-the-rpg/
Evil Hat Productions,Knights of Invasion • A World of Adventure for Fate Core,https://www.drivethrurpg.com/en/product/179613/knights-of-invasion-a-world-of-adventure-for-fate-core?affiliate_id=144937
Evil Hat Productions,Knights of Invasion • Foundry VTT Access,https://evilhat.itch.io/knights-of-invasion-foundry-vtt-access
Evil Hat Productions,Knights of Invasion • VTT Art Pack,https://evilhat.itch.io/knights-of-invasion-vtt-art-pack
Evil Hat Productions,Loose Threads • A World of Adventure for Fate Core,https://www.drivethrurpg.com/en/product/196127/loose-threads-a-world-of-adventure-for-fate-core?affiliate_id=144937
Evil Hat Productions,Loose Threads • VTT Art Pack,https://evilhat.itch.io/loose-threads-vtt-art-pack
Evil Hat Productions,Masters of Umdaar • A World of Adventure for Fate Core,https://www.drivethrurpg.com/en/product/155458/masters-of-umdaar-a-world-of-adventure-for-fate-core?affiliate_id=144937
Evil Hat Productions,Morts • A World of Adventure for Fate Core,https://www.drivethrurpg.com/en/product/180960/morts-a-world-of-adventure-for-fate-core?affiliate_id=144937
Evil Hat Productions,Morts • VTT Art Pack,https://evilhat.itch.io/morts-token-pack
Evil Hat Productions,Morts • VTT Token Pack,https://evilhat.itch.io/morts-token-pack
Evil Hat Productions,Nest • A World of Adventure for Fate Core,https://www.drivethrurpg.com/en/product/153980/nest-a-world-of-adventure-for-fate-core?affiliate_id=144937
Evil Hat Productions,Ngen Mapu • A World of Adventure for Fate Core,https://www.drivethrurpg.com/en/product/280947/ngen-mapu-a-world-of-adventure-for-fate-core?affiliate_id=144937
Evil Hat Productions,Ngen Mapu • Token Pack,https://evilhat.itch.io/ngen-mapu-token-pack
Evil Hat Productions,Ngen Mapu • VTT Art Pack,https://evilhat.itch.io/ngen-mapu-token-pack
Evil Hat Productions,Nitrate City • A World of Adventure for Fate Core,https://www.drivethrurpg.com/en/product/184325/nitrate-city-a-world-of-adventure-for-fate-core?affiliate_id=144937
Evil Hat Productions,On The Wall • A World of Adventure for Fate Core,https://www.drivethrurpg.com/en/product/227542/on-the-wall-a-world-of-adventure-for-fate-core?affiliate_id=144937
Evil Hat Productions,Prism • A World of Adventure for Fate Core,https://www.drivethrurpg.com/en/product/218544/prism-a-world-of-adventure-for-fate-core?affiliate_id=144937
Evil Hat Productions,Psychedemia • A World of Adventure for Fate Core,https://www.drivethrurpg.com/en/product/142732/psychedemia-a-world-of-adventure-for-fate-core?affiliate_id=144937
Evil Hat Productions,Psychic Powers,https://evilhat.com/wp-content/uploads/2022/04/Psychic-Powers.pdf
Evil Hat Productions,Red Planet (Roll20),https://marketplace.roll20.net/browse/module/5771/red-planet
Evil Hat Productions,Red Planet • A World of Adventure for Fate Core,https://www.drivethrurpg.com/en/product/199932/red-planet-a-world-of-adventure-for-fate-core?affiliate_id=144937
Evil Hat Productions,Red Planet • VTT Art Pack,https://evilhat.itch.io/red-planet-vtt-token-pack
Evil Hat Productions,Red Planet • VTT Token Pack,https://evilhat.itch.io/red-planet-vtt-token-pack
Evil Hat Productions,Romance in the Air • A World of Adventure for Fate Core,https://www.drivethrurpg.com/en/product/141360/romance-in-the-air-a-world-of-adventure-for-fate-core?affiliate_id=144937
Evil Hat Productions,Romance in the Air • VTT Art Pack,https://evilhat.itch.io/romance-in-the-air-vtt-token-pack
Evil Hat Productions,Romance in the Air • VTT Token Pack,https://evilhat.itch.io/romance-in-the-air-vtt-token-pack
Evil Hat Productions,Sails Full of Stars • A World of Adventure for Fate Core,https://www.drivethrurpg.com/en/product/150022/sails-full-of-stars-a-world-of-adventure-for-fate-core?affiliate_id=144937
Evil Hat Productions,Save Game • A World of Adventure for Fate Core,https://www.drivethrurpg.com/en/product/139030/save-game-a-world-of-adventure-for-fate-core?affiliate_id=144937
Evil Hat Productions,Secrets of Cats (Roll20),https://marketplace.roll20.net/browse/module/5754/the-secrets-of-cats
Evil Hat Productions,Shadow of the Century,https://www.drivethrurpg.com/en/product/266506/shadow-of-the-century?affiliate_id=144937
Evil Hat Productions,Skill Prompt Cards for Fate,https://www.drivethrurpg.com/en/product/181580/skill-prompt-cards-for-fate?affiliate_id=144937
Evil Hat Productions,SLIP • A World of Adventure for Fate Core,https://www.drivethrurpg.com/en/product/157267/slip-a-world-of-adventure-for-fate-core?affiliate_id=144937
Evil Hat Productions,So the Story Goes • A World of Adventure for Fate Core,https://www.drivethrurpg.com/en/product/221389/so-the-story-goes-a-world-of-adventure-for-fate-core?affiliate_id=144937
Evil Hat Productions,Straw Boss • A World of Adventure for Fate Core,https://www.drivethrurpg.com/en/product/223557/straw-boss-a-world-of-adventure-for-fate-core?affiliate_id=144937
Evil Hat Productions,Tachyon Squadron,https://www.drivethrurpg.com/en/product/254476/tachyon-squadron?affiliate_id=144937
Evil Hat Productions,Tachyon Squadron • Inside the Dominion of Unity,https://www.drivethrurpg.com/en/product/290896/tachyon-squadron-inside-the-dominion-of-unity?affiliate_id=144937
Evil Hat Productions,Tachyon Squadron • Spaceship Construction Toolkit,https://www.drivethrurpg.com/en/product/310688/tachyon-squadron-spaceship-construction-toolkit?affiliate_id=144937
Evil Hat Productions,Tachyon Squadron • Starfighter Academy,https://www.drivethrurpg.com/en/product/287745/tachyon-squadron-starfighter-academy?affiliate_id=144937
Evil Hat Productions,Tachyon Squadron • Those Who Were Here Before,https://www.drivethrurpg.com/en/product/265448/tachyon-squadron-those-who-were-here-before?affiliate_id=144937
Evil Hat Productions,Tachyon Squadron • VTT Art Pack,https://www.drivethrurpg.com/en/product/376231/tachyon-squadron-vtt-art-pack?affiliate_id=144937
Evil Hat Productions,The Agency • A World of Adventure for Fate Core,https://www.drivethrurpg.com/en/product/236183/the-agency-a-world-of-adventure-for-fate-core?affiliate_id=144937
Evil Hat Productions,The Clockwinders • A World of Adventure for Fate Core,https://www.drivethrurpg.com/en/product/266187/the-clockwinders-a-world-of-adventure-for-fate-core?affiliate_id=144937
Evil Hat Productions,The Clockwinders • VTT Art Pack,https://evilhat.itch.io/the-clockwinders-vtt-art-pack
Evil Hat Productions,The Clockwinders VTT Art Pack (DriveThruRPG),https://www.drivethrurpg.com/en/product/375922/the-clockwinders-vtt-art-pack?affiliate_id=144937
Evil Hat Productions,The Crisp Line • A World of Adventure for Fate Core,https://www.drivethrurpg.com/en/product/252793/the-crisp-line-a-world-of-adventure-for-fate-core?affiliate_id=144937
Evil Hat Productions,The Crisp Line • Token Pack (DriveThruRPG),https://www.drivethrurpg.com/en/product/375924/the-crisp-line-vtt-art-pack?affiliate_id=144937
Evil Hat Productions,The Crisp Line • Token Pack (itch.io),https://evilhat.itch.io/the-crisp-line-token-pack
Evil Hat Productions,The Ministry • A World of Adventure for Fate Core,https://www.drivethrurpg.com/en/product/243951/the-ministry-a-world-of-adventure-for-fate-core?affiliate_id=144937
Evil Hat Productions,The Ministry • VTT Art Pack,https://evilhat.itch.io/the-ministry-vtt-art-pack
Evil Hat Productions,The Secrets of Cats (Foundry VTT),https://evilhat.itch.io/the-secrets-of-cats-foundry-vtt-access
Evil Hat Productions,The Secrets of Cats • A World of Adventure for Fate Core,https://www.drivethrurpg.com/en/product/134533/the-secrets-of-cats-a-world-of-adventure-for-fate-core?affiliate_id=144937
Evil Hat Productions,The Three Rocketeers • A World of Adventure for Fate Core,https://www.drivethrurpg.com/en/product/166281/the-three-rocketeers-a-world-of-adventure-for-fate-core?affiliate_id=144937
Evil Hat Productions,The Three Rocketeers • Token Pack (DriveThruRPG),https://www.drivethrurpg.com/en/product/375907/the-three-rocketeers-vtt-art-pack?affiliate_id=144937
Evil Hat Productions,The Three Rocketeers • Token Pack (itch.io),https://evilhat.itch.io/the-three-rocketeers-token-pack
Evil Hat Productions,The Three Rocketeers • VTT Art Pack,https://evilhat.itch.io/the-three-rocketeers-token-pack
Evil Hat Productions,The Way of the Pukona • A World of Adventure for Fate Core,https://www.drivethrurpg.com/en/product/248009/the-way-of-the-pukona-a-world-of-adventure-for-fate-core?affiliate_id=144937
Evil Hat Productions,The Way of the Pukona • VTT Art Pack,https://evilhat.itch.io/the-way-of-the-pukona-vtt-art-pack
Evil Hat Productions,Til Dawn • A World of Adventure for Fate Core,https://www.drivethrurpg.com/en/product/270927/til-dawn-a-world-of-adventure-for-fate-core?affiliate_id=144937
Evil Hat Productions,Til Dawn • VTT Art Pack,https://evilhat.itch.io/til-dawn-vtt-art-pack
Evil Hat Productions,Umdaar Free Preview Edition,https://www.drivethrurpg.com/en/product/564563/umdaar-free-preview-edition?affiliate_id=144937
Evil Hat Productions,Umdaar: Rebel Broadcast Edition,https://www.drivethrurpg.com/en/product/568102/umdaar-rebel-broadcast-edition?affiliate_id=144937
Evil Hat Productions,Under the Table • A World of Adventure for Fate Core,https://www.drivethrurpg.com/en/product/189229/under-the-table-a-world-of-adventure-for-fate-core?affiliate_id=144937
Evil Hat Productions,Uprising: Revolutionary Messages,https://www.drivethrurpg.com/en/product/291069/uprising-revolutionary-messages?affiliate_id=144937
Evil Hat Productions,Uprising: The Dystopian Universe RPG,https://www.drivethrurpg.com/en/product/252231/uprising-the-dystopian-universe-rpg?affiliate_id=144937
Evil Hat Productions,Uranium Chef • A World of Adventure for Fate Core,https://www.drivethrurpg.com/en/product/205720/uranium-chef-a-world-of-adventure-for-fate-core?affiliate_id=144937
Evil Hat Productions,Uranium Chef • VTT Art Pack,https://evilhat.itch.io/uranium-chef-vtt-art-pack
Evil Hat Productions,Venture City • Token Pack (DriveThruRPG),https://www.drivethrurpg.com/en/product/373907/venture-city-vtt-token-pack?affiliate_id=144937
Evil Hat Productions,Venture City • VTT Art Pack,https://evilhat.itch.io/venture-city-vtt-token-pack
Evil Hat Productions,Venture City • VTT Token Pack (itch.io),https://evilhat.itch.io/venture-city-vtt-token-pack
Evil Hat Productions,Venture City Stories • A World of Adventure for Fate Core,https://www.drivethrurpg.com/en/product/127246/venture-city-a-superpunk-sourcebook-for-fate-core?affiliate_id=144937
Evil Hat Productions,Very Large Monsters,https://evilhat.com/wp-content/uploads/2022/04/Giant-Monsters.pdf
Evil Hat Productions,War of Ashes: Fate of Agaptus,https://www.drivethrurpg.com/en/product/157134/war-of-ashes-fate-of-agaptus?affiliate_id=144937
Evil Hat Productions,Weird World News • A World of Adventure for Fate Core,https://www.drivethrurpg.com/en/product/251127/weird-world-news-a-world-of-adventure-for-fate-core?affiliate_id=144937
Evil Hat Productions,Weird World News • VTT Art Pack,https://evilhat.itch.io/weird-world-news-vtt-art-pack
Evil Hat Productions,Wolf's Head • A World of Adventure for Fate Core,https://www.drivethrurpg.com/en/product/275626/wolfs-head-a-world-of-adventure-for-fate-core?affiliate_id=144937
Evil Hat Productions,Wolf's Head • VTT Art Pack,https://evilhat.itch.io/wolfs-head-vtt-art-pack
Evil Hat Productions,Words of Power,https://evilhat.com/wp-content/uploads/2022/04/Words-of-Power.pdf
Evil Hat Productions,Young Centurions,https://www.drivethrurpg.com/en/product/185457/young-centurions?affiliate_id=144937
Exploding Rogue,Iron Edda: War of Metal and Bone,https://www.drivethrurpg.com/en/product/137962/iron-edda-war-of-metal-and-bone?affiliate_id=144937
Exploding Rogue,Modular Magic,https://www.drivethrurpg.com/en/product/352664/modular-magic?affiliate_id=144937
Fainting Goat Games,[FAE] Villains Accelerated,https://www.drivethrurpg.com/en/product/134994/fae-villains-accelerated?affiliate_id=144937
Fainting Goat Games,Arthur Lives for Fate Core,https://www.drivethrurpg.com/en/product/232408/arthur-lives-for-fate-core?affiliate_id=144937
Fainting Goat Games,Extreme Earth Campaign Setting (FAE version),https://www.drivethrurpg.com/en/product/144388/extreme-earth-campaign-setting-fae-version?affiliate_id=144937
Fari.app,Fari.app,https://fari.app/
Festive Ninja,Return to the Stars Core Game,https://msabalau.itch.io/return-to-the-stars-rpg
Festive Ninja,The Stellar Beacon 2: Sci-Fi Gaming and essays on Fanfiction and Optimism,https://msabalau.itch.io/stellar-beacon-2
Festive Ninja,The Stellar Beacon: Connected,https://msabalau.itch.io/the-stellar-beacon-connected
Festive Ninja,The Stellar Beacon: Hopepunk Issue,https://msabalau.itch.io/the-stellar-beacon-hopepunk
Festive Ninja,The Stellar Beacon: Serendipity,https://msabalau.itch.io/the-stellar-beacon-serendipity
Festive Ninja,The Stellar Beacon: Trickster Issue,https://msabalau.itch.io/trickster
Four-Color FAE,Four-Color FAE,https://www.drivethrurpg.com/en/product/150994/four-color-fae?affiliate_id=144937
Four-in-Hand Games,Rockalypse,https://www.drivethrurpg.com/en/product/204869/rockalypse?affiliate_id=144937
Galileo Games,Bulldogs! Fate Core Edition,https://www.drivethrurpg.com/en/product/166518/bulldogs-fate-core-edition?affiliate_id=144937
Galileo Games,The Ministry Initiative,https://www.drivethrurpg.com/en/product/134517/the-ministry-initiative?affiliate_id=144937
Gallant Knight Games,Flatline,https://www.drivethrurpg.com/en/product/281193/flatline?affiliate_id=144937
Gourmelee Games,iHunt Abbreviated Reference,https://gourmeleegames.itch.io/ihunt-abbreviated-reference
Green Ronin,Fate Freeport Companion,https://www.drivethrurpg.com/en/product/120298/freeport-companion-fate?affiliate_id=144937
Green Ronin,Fate Freeport Companion,https://greenroninstore.com/collections/freeport/fate
Gun Metal Games,Interface Zero 2.0: Fate Edition,https://www.drivethrurpg.com/en/product/186125/interface-zero-2-0-fate-edition?affiliate_id=144937
Gwannon,Doctor Jekyll y Mister Hyde: Investigadores privados,https://gwannon.itch.io/doctor-jekyll-y-mister-hyde-investigadores-privados
Gwannon,Guía de Cazavampiros para niñas molonas,https://cazavampiros.gwannon.com/pdf/
Higher Grounds,Warsong Second Edition Core,https://www.drivethrurpg.com/en/product/240868/warsong-second-edition-core?affiliate_id=144937
Hydra Cooperative,Strange Stars Fate Rule Book,https://www.drivethrurpg.com/en/product/165972/strange-stars-fate-rule-book?affiliate_id=144937
InkWorks Productions,Unwritten: Adventures in the Ages of Myst and Beyond,https://www.drivethrurpg.com/en/product/146509/unwritten-adventures-in-the-ages-of-myst-and-beyond?affiliate_id=144937
Jacob Randolph,Inverse World Accelerated,https://www.drivethrurpg.com/en/product/132426/inverse-world-accelerated?affiliate_id=144937
Jan Tauš,RPG Note Cards (For playing Fate Core and similar games online),https://fate.masac.cz/
Jon Smejkal,In Thoth's Wake! - Zine Quest Edition!,https://www.drivethrurpg.com/en/product/267778/in-thoth-s-wake-zine-quest-edition?affiliate_id=144937
Judith and Christian Vogt,"Shardland - Muskets, Blades and Words of Power",https://www.drivethrurpg.com/en/product/209441/shardland-muskets-blades-and-words-of-power?affiliate_id=144937
Leo Winstead,London After Nightfall,https://www.drivethrurpg.com/en/product/297490/london-after-nightfall?affiliate_id=144937
Leo Winstead,Mill City Heroes,https://www.drivethrurpg.com/en/product/231480/mill-city-heroes?affiliate_id=144937
Machine Age Productions,#iHunt: The RPG,https://www.drivethrurpg.com/en/product/298255/ihunt-the-rpg?affiliate_id=144937
Machine Age Productions,Apotheosis Drive X - Fate-Powered Mecha RPG - HD Mix,https://www.drivethrurpg.com/en/product/147795/apotheosis-drive-x-fate-powered-mecha-rpg-hd-mix?affiliate_id=144937
Magnus Hansen,Titan Hunt,https://www.drivethrurpg.com/en/product/283664/titan-hunt?affiliate_id=144937
Magpie Games,Wicked Fate,https://www.drivethrurpg.com/en/product/269613/wicked-fate?affiliate_id=144937
Mark Kowaliszyn,Baroque Space Opera,https://www.drivethrurpg.com/en/product/156171/baroque-space-opera?affiliate_id=144937
Mighty Mugs Studios,Alone Against The Spirit Realm - An unofficial companion for the Dresden Files RPG,https://www.drivethrurpg.com/en/product/424552/alone-against-the-spirit-realm-an-unofficial-companion-for-the-dresden-files-rpg?affiliate_id=144937
Modiphius,Achtung! Cthulhu: Investigator's Guide - Fate Core,https://www.drivethrurpg.com/en/product/131134/achtung-cthulhu-investigators-guide-fate-core?affiliate_id=144937
Modiphius,Mindjammer - Hearts & Minds Adventure,https://www.drivethrurpg.com/en/product/148519/mindjammer-hearts-minds-adventure?affiliate_id=144937
Modiphius,Mindjammer - The City People,https://www.drivethrurpg.com/en/product/180185/mindjammer-the-city-people?affiliate_id=144937
Modiphius,Mindjammer - The Roleplaying Game,https://www.drivethrurpg.com/en/product/128331/mindjammer-the-roleplaying-game?affiliate_id=144937
Modiphius,Mindjammer – Transhuman Adventure in the Second Age of Space,https://www.drivethrurpg.com/en/product/128331/mindjammer-the-roleplaying-game?affiliate_id=144937
Modiphius,Mindjammer: Children of Orion—the Venu Sourcebook,https://www.drivethrurpg.com/en/product/224933/mindjammer-children-of-orion-the-venu-sourcebook?affiliate_id=144937
Modiphius,Mindjammer: The Core Worlds Sourcebook,https://www.drivethrurpg.com/en/product/225695/mindjammer-the-core-worlds-sourcebook?affiliate_id=144937
Modiphius,Mindjammer: The Mindjammer Companion,https://www.drivethrurpg.com/en/product/225696/mindjammer-the-mindjammer-companion?affiliate_id=144937
Modiphius,MINDJAMMER: The Player's Guide,https://www.drivethrurpg.com/en/product/226561/mindjammer-the-player-s-guide?affiliate_id=144937
Monkey Mind Games,True Crime,https://www.drivethrurpg.com/en/product/315482/true-crime?affiliate_id=144937
MonkeyBlood Design,Carnival of Dreams,https://www.drivethrurpg.com/en/product/228248/carnival-of-dreams?affiliate_id=144937
Nathan Hare,High Fantasy Magic: A Simple Magic System for Fate Core & Accelerated,https://www.drivethrurpg.com/en/product/199567/high-fantasy-magic-a-simple-magic-system-for-fate-core-condensed-accelerated?affiliate_id=144937
Nothing Ventured Games,Crashing Beasts & Crumbling Halls,https://www.patreon.com/posts/43700788
Nothing Ventured Games,It's Element-ary!,https://www.drivethrurpg.com/en/product/179669/it-s-element-ary?affiliate_id=144937
Occult Moon Games,Strange Voyages,https://www.drivethrurpg.com/en/product/141891/strange-voyages?affiliate_id=144937
Phoenix Outlaw Productions,Smoke and Glass,https://www.drivethrurpg.com/en/product/204213/smoke-and-glass?affiliate_id=144937
Posthuman Studios LLC,Eclipse Phase: Transhumanity's Fate,https://www.drivethrurpg.com/en/product/176939/eclipse-phase-transhumanity-s-fate?affiliate_id=144937
Psychogenesis Games,Crosstime,https://www.drivethrurpg.com/en/product/487220/crosstime
Psychogenesis Games,Infinitum,https://www.drivethrurpg.com/en/product/514237/infinitum?affiliate_id=144937
Radar Avenue Press,The Way into Fate,https://www.drivethrurpg.com/en/product/179962/the-way-into-fate?affiliate_id=144937
Reroll Productions,Jadepunk Tales: Vigilance Committee Volume One,https://www.drivethrurpg.com/en/product/131898/jadepunk-tales-vigilance-committee-volume-one?affiliate_id=144937
Reroll Productions,Jadepunk Tales: Vigilance Committee Volume Two,https://www.drivethrurpg.com/en/product/139878/jadepunk-tales-vigilance-committee-volume-two?affiliate_id=144937
Reroll Productions,Jadepunk: Tales From Kausao City,https://www.drivethrurpg.com/en/product/127543/jadepunk-tales-from-kausao-city?affiliate_id=144937
Reroll Productions,Jadetech: Black Jade,https://www.drivethrurpg.com/en/product/167648/jadetech-black-jade?affiliate_id=144937
Reroll Productions,Jadetech: Blue Jade,https://www.drivethrurpg.com/en/product/144127/jadetech-blue-jade?affiliate_id=144937
Reroll Productions,Jadetech: Green Jade,https://www.drivethrurpg.com/en/product/132547/jadetech-green-jade?affiliate_id=144937
Reroll Productions,Jadetech: Red Jade,https://www.drivethrurpg.com/en/product/134557/jadetech-red-jade?affiliate_id=144937
Reroll Productions,Jadetech: White Jade,https://www.drivethrurpg.com/en/product/155098/jadetech-white-jade?affiliate_id=144937
Reroll Productions,Naramel: Jadepunk Martial Supplement,https://www.drivethrurpg.com/en/product/141611/naramel-jadepunk-martial-supplement?affiliate_id=144937
Reroll Productions,Shadowcraft: The Glamour War,https://www.drivethrurpg.com/en/product/183946/shadowcraft-the-glamour-war?affiliate_id=144937
Richard Bellingham,The Secrets of Cats: Animals & Threats,https://www.drivethrurpg.com/en/product/147773/the-secrets-of-cats-animals-threats?affiliate_id=144937
Richard Bellingham,The Secrets of Cats: Feline Magic,https://www.drivethrurpg.com/en/product/194834/the-secrets-of-cats-feline-magic?affiliate_id=144937
Rite Publishing,The Demolished Ones,https://www.drivethrurpg.com/en/product/114289/the-demolished-ones?affiliate_id=144937
Rolepress,Fate Fantastic Creatures,https://www.drivethrurpg.com/en/product/359590/fate-fantastic-creatures?affiliate_id=144937
Rolepress,Fate Plus Allies and Monsters (Compilation),https://www.drivethrurpg.com/en/product/402892/fate-plus-allies-and-monsters-compilation?affiliate_id=144937
Rolepress,Fate Plus Compilation PDF Bundle 1 [BUNDLE],https://www.drivethrurpg.com/en/product/403621/fate-plus-compilation-pdf-bundle-1-bundle?affiliate_id=144937
Rolepress,Fate Plus Cyberpunk,https://www.drivethrurpg.com/en/product/387323/fate-plus-cyberpunk?affiliate_id=144937
Rolepress,Fate Plus Dark Fantasy,https://www.drivethrurpg.com/en/product/402780/fate-plus-dark-fantasy?affiliate_id=144937
Rolepress,Fate Plus Equipment (Compilation),https://www.drivethrurpg.com/en/product/403599/fate-plus-equipment-compilation?affiliate_id=144937
Rolepress,Fate Plus Monster Hunter,https://www.drivethrurpg.com/en/product/431582/fate-plus-monster-hunter?affiliate_id=144937
Rolepress,Fate Plus Monster Vault — Celestials,https://www.drivethrurpg.com/en/product/466842/fate-plus-monster-vault-celestials?affiliate_id=144937
Rolepress,Fate Plus Monster Vault — Ghosts,https://www.drivethrurpg.com/en/product/475730/fate-plus-monster-vault-ghosts?affiliate_id=144937
Rolepress,Fate Plus Monster Vault — Infernals,https://www.drivethrurpg.com/en/product/467698/fate-plus-monster-vault-infernals?affiliate_id=144937
Rolepress,Fate Plus Monster Vault — Mummies,https://www.drivethrurpg.com/en/product/482699/fate-plus-monster-vault-mummies?affiliate_id=144937
Rolepress,Fate Plus Monster Vault — Vampires,https://www.drivethrurpg.com/en/product/465053/fate-plus-monster-vault-vampires?affiliate_id=144937
Rolepress,Fate Plus Monster Vault — Zombies,https://www.drivethrurpg.com/en/product/466004/fate-plus-monster-vault-zombies?affiliate_id=144937
Rolepress,Fate Plus PDF Bundle 1 [BUNDLE],https://www.drivethrurpg.com/en/product/403603/fate-plus-pdf-bundle-1-bundle?affiliate_id=144937
Rolepress,Fate Plus Power Systems (Compilation),https://www.drivethrurpg.com/en/product/403619/fate-plus-power-systems-compilation?affiliate_id=144937
Rolepress,Fate Plus Print Bundle 1 [BUNDLE],https://www.drivethrurpg.com/en/product/436280/fate-plus-print-bundle-1-bundle?affiliate_id=144937
Rolepress,Fate Plus Vikings,https://www.drivethrurpg.com/en/product/373817/fate-plus-vikings?affiliate_id=144937
Rolepress,Space Cats — The Universe's Cutest Roleplaying Game,https://www.drivethrurpg.com/en/product/343245/space-cats-the-universe-s-cutest-roleplaying-game?affiliate_id=144937
RPG Automails,Fate Dice (Android),https://play.google.com/store/apps/details?id=com.rpgautomails.fatedice&hl=en_US
Ryan Macklin,Fateful Concepts: Character Aspects,https://www.drivethrurpg.com/en/product/130530/fateful-concepts-character-aspects?affiliate_id=144937
Ryan Macklin,Fateful Concepts: Hacking Contests,https://www.drivethrurpg.com/en/product/143487/fateful-concepts-hacking-contests?affiliate_id=144937
Sandy Pug Games,Ice,https://www.drivethrurpg.com/en/product/210633/ice?affiliate_id=144937
Shewstone Publishing,Magonomia: the RPG of Renaissance Wizardry,https://www.drivethrurpg.com/en/product/366281/magonomia-the-rpg-of-renaissance-wizardry?affiliate_id=144937
Shoreless Skies Publishing,Heavy Metal Thunder Mouse,https://www.drivethrurpg.com/en/product/220180/heavy-metal-thunder-mouse?affiliate_id=144937
Shoreless Skies Publishing,Rock 'n' Roll Sock Hop Mouse,https://www.drivethrurpg.com/en/product/245886/rock-n-roll-sock-hop-mouse?affiliate_id=144937
SicklyGeek,Van Wizards vs The Mageocracy,https://jynjynx.itch.io/van-wizards
Silver Lantern Games,Bells of the Dark Carol,https://www.drivethrurpg.com/en/product/322012/bells-of-the-dark-carol?affiliate_id=144937
Silver Lantern Games,Sandfair,https://www.drivethrurpg.com/en/product/293952/sandfair?affiliate_id=144937
Silver Lantern Games,Shadow Over Inowek,https://www.drivethrurpg.com/en/product/261398/shadow-over-inowek?affiliate_id=144937
Silver Lantern Games,The Explorer's Guide to Escadus,https://www.drivethrurpg.com/en/product/304005/the-explorer-s-guide-to-escadus?affiliate_id=144937
Silver Lantern Games,Writing Fate Content,https://www.drivethrurpg.com/en/product/358330/writing-fate-content?affiliate_id=144937
Slang Design,Base Raiders,https://www.drivethrurpg.com/en/product/120708/base-raiders?affiliate_id=144937
Slang Design,New Superpowers: Glitched Reality,https://www.drivethrurpg.com/en/product/194113/new-superpowers-glitched-reality?affiliate_id=144937
SlyFlourish,Aeon Wave,https://www.drivethrurpg.com/en/product/124481/aeon-wave?affiliate_id=144937
Smart Party Publishing,Out of the Furnace,https://www.drivethrurpg.com/en/product/157414/out-of-the-furnace?affiliate_id=144937
Spotless Dice Games,Fate of Cthulhu Timeline • The Ascellan Conspiracy,https://www.drivethrurpg.com/en/product/433507/fate-of-cthulhu-timeline-the-ascellan-conspiracy?affiliate_id=144937
Spotless Dice Games,Fate of Cthulhu Timeline • The Rise of Tsathoggua,https://www.drivethrurpg.com/en/product/469374/fate-of-cthulhu-timeline-the-rise-of-tsathoggua?affiliate_id=144937
Super Imposing, Fated Origins,https://www.drivethrurpg.com/en/product/390846/fated-origins?affiliate_id=144937
Syat Rolworlds,Nobleza Gaucha,https://syatrolworlds.itch.io/noblezagauchaesp
Third Eye Games,Divine Instruments of Fate (3EG205),https://www.drivethrurpg.com/en/product/168247/divine-instruments-of-fate-3eg205?affiliate_id=144937
Third Eye Games,Part-Time Gods of Fate,https://www.drivethrurpg.com/en/product/152385/part-time-gods-of-fate?affiliate_id=144937
Thorsten Sick,Solarpunk 2050,https://www.drivethrurpg.com/en/product/443881/solarpunk-2050?affiliate_id=144937
Thrythlind Books and Games,Divine Blood: RPG Supplement,https://www.drivethrurpg.com/en/product/133609/divine-blood-rpg-supplement?affiliate_id=144937
Tom Hart,Paranormal Affairs Canada,https://www.drivethrurpg.com/en/product/353681/paranormal-affairs-canada?affiliate_id=144937
Triad Studio,GalaCraft,https://www.drivethrurpg.com/en/product/550800/galacraft?affiliate_id=144937
Typhon Games,The Chronicles of Future Earth Player's Guide,https://www.drivethrurpg.com/en/product/471763/the-chronicles-of-future-earth-player-s-guide
Up to 4 Players,Fate Core Rules Presented by Up to 4 Players (Comic summary of the Rules),https://www.uptofourplayers.com/ready-to-roll/fate-core-rules/
Vigilance Press,Tianxia Accelerated,https://www.drivethrurpg.com/en/product/142131/tianxia-accelerated?affiliate_id=144937
Vigilance Press,"Tianxia: Blood, Silk & Jade",https://www.drivethrurpg.com/en/product/126883/tianxia-blood-silk-jade?affiliate_id=144937
Vigilance Press,"Tianxia: Spirits, Beasts & Spells",https://www.drivethrurpg.com/en/product/188855/tianxia-spirits-beasts-spells?affiliate_id=144937
Vigilance Press,"Tianxia: War, Iron & Stone",https://www.drivethrurpg.com/en/product/202396/tianxia-war-iron-stone?affiliate_id=144937
Vogt & Vriends,Aces in Space,https://www.drivethrurpg.com/en/product/317497/aces-in-space?affiliate_id=144937
Voidspiral Entertainment,Oubliette Second Edition,https://www.drivethrurpg.com/en/product/204460/oubliette-second-edition?affiliate_id=144937
VSCA Publishing,Diaspora,https://www.drivethrurpg.com/en/product/79933/diaspora?affiliate_id=144937
Wearing the Cape Productions,"Attributes, Actions, & Resources",https://www.drivethrurpg.com/en/product/482087/attributes-actions-resources?affiliate_id=144937
Wearing the Cape Productions,Wearing the Cape: The Roleplaying Game,https://www.drivethrurpg.com/en/product/210012/wearing-the-cape-the-roleplaying-game?affiliate_id=144937
Weird Age Games,Breakfast Cult,https://www.drivethrurpg.com/en/product/182520/breakfast-cult?affiliate_id=144937
Weird Age Games,Breakfast Cult: Game Over,https://www.drivethrurpg.com/en/product/237239/breakfast-cult-game-over?affiliate_id=144937
Weird Age Games,Breakfast Cult: Peer Pressure,https://www.drivethrurpg.com/en/product/190174/breakfast-cult-peer-pressure?affiliate_id=144937
Weird Age Games,Breakfast Cult: Sweet Shub and Hella Thotep,https://www.drivethrurpg.com/en/product/195267/breakfast-cult-sweet-shub-and-hella-thotep?affiliate_id=144937
Weird Age Games,Breakfast Cult: Terrible Friends,https://www.drivethrurpg.com/en/product/383186/breakfast-cult-terrible-friends?affiliate_id=144937
Weird Age Games,Fractured Skies,https://www.drivethrurpg.com/en/product/189765/fractured-skies?affiliate_id=144937
Weird Age Games,Wetrunner,https://www.drivethrurpg.com/en/product/536787/wetrunner?affiliate_id=144937
White Rose Games,"Crestfallen, A Bronze Age Fantasy RPG",https://www.drivethrurpg.com/en/product/176630/crestfallen-a-bronze-age-fantasy-rpg?affiliate_id=144937
Wooden Vampire Games,Once Upon a Crime,https://www.drivethrurpg.com/en/product/171284/once-upon-a-crime?affiliate_id=144937
Wordplay Games,Age of Arthur,https://www.drivethrurpg.com/en/product/111752/age-of-arthur?affiliate_id=144937
Wordplay Games,Time of the Wolves,https://www.drivethrurpg.com/en/product/149507/time-of-the-wolves?affiliate_id=144937
Wordsmith Games LLC,Strays!,https://www.drivethrurpg.com/en/product/169261/strays?affiliate_id=144937
WrightWerx,Mecha vs Kaiju: A Sci-Fi Anime RPG for Fate Core,https://www.drivethrurpg.com/en/product/141809/mecha-vs-kaiju-fate-core-condensed?affiliate_id=144937
WrightWerx,Mecha vs Kaiju: Big Book of Kaiju - Land (Fate Core),https://www.drivethrurpg.com/en/product/183921/mecha-vs-kaiju-big-book-of-kaiju-land-fate-core-condensed?affiliate_id=144937
WrightWerx,Mecha vs Kaiju: Big Book of Kaiju - Strange (Fate Core),https://www.drivethrurpg.com/en/product/216360/mecha-vs-kaiju-big-book-of-kaiju-strange-fate-core-condensed?affiliate_id=144937
WrightWerx,Mecha vs Kaiju: Kaijupunk 202X,https://www.drivethrurpg.com/en/product/335925/mecha-vs-kaiju-kaijupunk-202x?affiliate_id=144937
WrightWerx,Mecha vs Kaiju: Sensational Sentai Squad GO!,https://www.drivethrurpg.com/en/product/208158/mecha-vs-kaiju-sensational-sentai-squad-go-fate-core-condensed?affiliate_id=144937
WrightWerx,Mecha vs Kaiju: Steam and Steel - A Fate Steampunk Supplement,https://www.drivethrurpg.com/en/product/183915/mecha-vs-kaiju-steam-and-steel-a-steampunk-supplement-for-fate-core-condensed?affiliate_id=144937
Yuri Creative,Mythos Codex: Heirs of The Sky,https://yoru-creative-studio.itch.io/mythos-codex-i-heirs-of-the-sky
Yuri Creative,Mythos Codex: Three Graces,https://yoru-creative-studio.itch.io/mythos-codex-i-three-graces
Yuri Creative,Mythos Codex: Wrath of Fury,https://yoru-creative-studio.itch.io/mythos-codex-i-wrath-of-fury
Zev Mir,Michtim for Fate,https://grimogre.itch.io/michtim-fate
